,,Overall,Overall,Overall,Overall,Overall,Overall,,Conf.,Conf.,,Home,Home,,Away,Away,,Points,Points,,Totals,Totals,Totals,Totals,Totals,Totals,Totals,Totals,Totals,Totals,Totals,Totals,Totals,Totals,Totals,Totals,Totals
Rk,School,G,W,L,W-L%,SRS,SOS,,W,L,,W,L,,W,L,,Tm.,Opp.,,MP,FG,FGA,FG%,3P,3PA,3P%,FT,FTA,FT%,ORB,TRB,AST,STL,BLK,TOV,PF
1,Abilene Christian,32,16,16,.500,-5.71,-2.26,,8,8,,10,5,,5,10,,2260,2250,,1290,819,1845,.444,146,483,.302,476,666,.715,355,1081,421,331,94,476,670
2,Air Force,32,4,28,.125,-8.00,3.72,,1,19,,3,13,,0,14,,1982,2357,,1290,680,1616,.421,259,783,.331,363,572,.635,236,956,428,181,91,433,571
3,Akron NCAA,35,28,7,.800,3.34,-3.64,,17,1,,16,0,,8,4,,2941,2627,,1405,1060,2260,.469,376,1038,.362,445,590,.754,414,1347,621,267,131,414,623
4,Alabama NCAA,34,26,8,.765,25.24,15.57,,13,5,,12,3,,9,3,,3097,2768,,1370,1060,2184,.485,350,1004,.349,627,877,.715,431,1459,580,207,152,434,644
5,Alabama A&M,32,10,22,.313,-20.50,-9.91,,6,12,,8,9,,2,12,,2337,2521,,1300,795,1966,.404,257,807,.318,490,738,.664,447,1172,432,266,131,513,687
6,Alabama State NCAA,36,20,16,.556,-8.88,-8.08,,12,6,,8,3,,6,10,,2630,2607,,1445,927,2290,.405,320,978,.327,456,665,.686,417,1303,418,285,101,327,662
7,Albany (NY),33,17,16,.515,-10.09,-8.49,,8,8,,6,7,,8,8,,2463,2437,,1335,901,2044,.441,238,736,.323,423,591,.716,392,1117,414,273,77,357,575
8,Alcorn State,32,11,21,.344,-13.95,-6.85,,11,7,,6,3,,5,17,,2081,2307,,1285,754,1833,.411,171,538,.318,402,561,.717,377,1087,329,211,86,418,544
9,American NCAA,35,22,13,.629,-7.55,-6.76,,13,5,,14,2,,5,10,,2406,2370,,1420,840,1893,.444,299,859,.348,427,566,.754,270,1057,441,229,66,389,625
10,Appalachian State,31,17,14,.548,-2.46,-3.70,,10,8,,10,4,,5,8,,2102,1970,,1245,738,1692,.436,240,697,.344,386,593,.651,304,1145,389,171,114,335,414
11,Arizona NCAA,35,23,12,.657,23.23,13.40,,14,6,,13,3,,6,5,,2872,2528,,1410,1016,2136,.476,244,741,.329,596,766,.778,431,1399,575,267,155,406,582
12,Arizona State,32,13,19,.406,11.09,13.63,,4,16,,5,9,,3,8,,2366,2447,,1295,804,1836,.438,281,786,.358,477,659,.724,282,1093,412,172,142,395,543
13,Arkansas NCAA,34,21,13,.618,16.61,11.11,,8,10,,14,4,,4,6,,2607,2420,,1365,924,1987,.465,241,730,.330,518,703,.737,316,1199,490,262,192,395,546
14,Arkansas State,35,25,10,.714,5.89,-2.62,,13,5,,14,2,,8,5,,2795,2463,,1410,962,2248,.428,331,1017,.325,540,743,.727,468,1428,502,259,158,371,644
15,Arkansas-Pine Bluff,31,6,25,.194,-24.25,-8.36,,3,15,,4,8,,2,17,,2242,2602,,1240,834,1838,.454,225,696,.323,349,589,.593,306,1053,452,220,66,449,588
16,Army,31,16,15,.516,-12.66,-7.45,,10,8,,12,4,,4,11,,2268,2327,,1270,842,1911,.441,253,805,.314,331,483,.685,312,1082,438,207,68,319,482
17,Auburn NCAA,34,29,5,.853,28.73,14.31,,15,3,,13,2,,8,2,,2850,2360,,1365,1007,2091,.482,314,859,.366,522,713,.732,399,1269,560,232,207,317,631
18,Austin Peay,33,14,19,.424,-9.41,-3.71,,8,10,,8,5,,4,13,,2362,2472,,1335,836,1980,.422,280,810,.346,410,570,.719,326,1085,416,229,87,327,589
19,Ball State,31,14,17,.452,-7.80,-6.34,,7,11,,8,7,,4,9,,2336,2300,,1250,781,1718,.455,221,641,.345,553,785,.704,292,1101,407,154,67,363,507
20,Baylor NCAA,34,20,14,.588,19.35,13.59,,10,10,,13,3,,3,9,,2598,2354,,1385,921,2057,.448,286,821,.348,470,630,.746,436,1224,495,262,98,373,554
21,Bellarmine,31,5,26,.161,-15.00,-4.62,,2,16,,5,10,,0,16,,2252,2484,,1250,814,1743,.467,281,776,.362,343,444,.773,205,909,439,197,53,371,522
22,Belmont,33,22,11,.667,2.04,-0.03,,13,7,,11,5,,9,4,,2618,2529,,1325,945,2033,.465,347,905,.383,381,530,.719,317,1142,568,229,104,371,514
23,Bethune-Cookman,33,17,16,.515,-10.12,-6.61,,13,5,,8,2,,7,12,,2265,2381,,1320,800,1870,.428,202,634,.319,463,671,.690,334,1175,423,220,121,448,531
24,Binghamton,32,15,17,.469,-13.72,-9.11,,7,9,,8,4,,5,12,,2233,2287,,1295,800,1735,.461,227,633,.359,404,583,.693,284,1149,415,153,96,431,525
25,Boise State,34,24,10,.706,13.60,5.57,,14,6,,13,2,,6,5,,2546,2246,,1365,862,1878,.459,248,799,.310,572,736,.777,361,1235,487,182,90,379,546
26,Boston College,31,12,19,.387,-0.13,5.26,,4,16,,9,8,,0,10,,2182,2349,,1275,783,1811,.432,206,597,.345,410,570,.719,318,1065,355,162,121,368,571
27,Boston University,32,16,16,.500,-10.89,-8.28,,10,8,,12,4,,3,12,,2148,2191,,1300,768,1752,.438,250,740,.338,362,546,.663,349,1124,381,194,83,423,515
28,Bowling Green State,32,14,18,.438,-9.41,-5.98,,8,10,,8,8,,5,8,,2352,2366,,1280,815,1857,.439,255,745,.342,467,626,.746,297,1100,359,232,102,392,556
29,Bradley,35,27,8,.771,6.42,0.07,,15,5,,14,3,,8,3,,2683,2401,,1420,941,1955,.481,334,840,.398,467,624,.748,293,1209,507,233,135,399,586
30,Brigham Young NCAA,34,25,9,.735,19.78,9.72,,14,6,,15,2,,6,5,,2752,2410,,1385,977,2024,.483,360,972,.370,438,622,.704,380,1277,581,242,108,412,548
31,Brown,27,14,13,.519,-5.04,-4.12,,6,8,,8,6,,6,7,,1950,1933,,1095,723,1613,.448,221,659,.335,283,448,.632,296,979,398,160,142,314,424
32,Bryant NCAA,35,23,12,.657,-1.98,-6.82,,14,2,,12,3,,9,7,,2862,2598,,1405,1054,2304,.457,271,814,.333,483,676,.714,465,1439,522,233,210,415,548
33,Bucknell,33,18,15,.545,-5.26,-6.14,,13,5,,12,4,,6,10,,2443,2414,,1380,862,1850,.466,268,759,.353,451,679,.664,281,1117,448,219,106,433,587
34,Buffalo,31,9,22,.290,-15.04,-3.80,,4,14,,6,9,,3,13,,2226,2508,,1240,776,1821,.426,243,800,.304,431,616,.700,286,1069,419,209,109,451,517
35,Butler,33,14,19,.424,10.26,10.23,,6,14,,9,8,,2,9,,2437,2436,,1325,830,1822,.456,273,745,.366,504,679,.742,283,1155,461,134,93,365,444
36,Cal Poly,35,16,19,.457,-2.26,-0.47,,8,12,,9,5,,5,13,,2873,2901,,1420,1011,2187,.462,403,1114,.362,448,585,.766,352,1221,535,275,75,550,630
37,Cal State Bakersfield,33,14,19,.424,-5.73,-2.05,,8,12,,9,6,,4,11,,2434,2430,,1330,851,1944,.438,218,573,.380,514,666,.772,424,1173,334,225,92,416,671
38,Cal State Fullerton,32,6,26,.188,-15.74,0.59,,1,19,,4,11,,2,15,,2024,2475,,1280,683,1701,.402,156,575,.271,502,677,.742,303,1064,288,170,62,474,568
39,Cal State Northridge,33,22,11,.667,2.02,-3.17,,14,6,,10,3,,10,7,,2650,2406,,1325,952,2035,.468,219,634,.345,527,727,.725,423,1322,539,250,95,452,679
40,California,33,14,19,.424,5.59,6.81,,6,14,,11,6,,2,11,,2494,2534,,1360,838,2002,.419,238,756,.315,580,778,.746,443,1238,345,208,122,383,544
41,California Baptist,32,17,15,.531,-1.03,-2.24,,9,7,,11,5,,4,8,,2280,2241,,1295,818,1915,.427,213,671,.317,431,569,.757,384,1152,373,212,86,386,551
42,Campbell,32,15,17,.469,-5.18,-4.75,,10,8,,8,6,,7,10,,2246,2169,,1285,792,1804,.439,240,745,.322,422,547,.771,264,1016,430,220,98,335,516
43,Canisius,31,3,28,.097,-19.07,-5.23,,3,17,,1,12,,2,15,,2008,2437,,1240,729,1673,.436,254,692,.367,296,390,.759,180,802,348,191,75,380,495
44,Central Arkansas,33,9,24,.273,-14.94,-4.07,,4,14,,7,7,,1,17,,2318,2578,,1350,817,1995,.410,283,962,.294,401,558,.719,368,1180,453,242,78,408,448
45,Central Connecticut State,32,25,7,.781,-4.68,-10.79,,14,2,,12,3,,11,3,,2312,2012,,1285,870,1827,.476,226,654,.346,346,466,.742,273,1137,456,242,134,361,360
46,Central Michigan,31,14,17,.452,-4.37,-2.67,,7,11,,8,6,,6,10,,2341,2237,,1250,835,1807,.462,198,610,.325,473,655,.722,331,1120,420,228,90,380,512
47,Charleston Southern,32,10,22,.313,-11.02,-2.36,,6,10,,7,5,,3,14,,2307,2503,,1295,769,1808,.425,233,767,.304,536,810,.662,376,1187,367,151,88,433,558
48,Charlotte,33,11,22,.333,-5.28,-0.46,,3,15,,8,8,,1,12,,2328,2460,,1345,761,1808,.421,231,745,.310,575,768,.749,291,1036,405,168,72,329,573
49,Chattanooga,34,25,9,.735,1.05,-4.14,,15,3,,13,3,,11,5,,2711,2478,,1390,958,1989,.482,328,906,.362,467,608,.768,280,1134,579,233,101,351,548
50,Chicago State,32,4,28,.125,-20.78,-4.25,,4,12,,3,6,,1,18,,2001,2518,,1290,709,1858,.382,232,759,.306,351,498,.705,273,981,344,235,114,412,607
51,Cincinnati,33,18,15,.545,14.49,9.67,,7,13,,12,5,,4,9,,2328,2169,,1320,888,1983,.448,242,756,.320,310,464,.668,371,1138,452,242,145,338,459
52,Clemson NCAA,34,27,7,.794,17.94,7.65,,18,2,,15,2,,9,3,,2586,2236,,1390,930,2012,.462,288,781,.369,438,570,.768,383,1202,484,252,119,358,518
53,Cleveland State,33,21,12,.636,-1.82,-3.99,,14,6,,14,4,,7,7,,2403,2178,,1325,880,1954,.450,214,641,.334,429,593,.723,401,1131,459,288,156,389,590
54,Coastal Carolina,32,10,22,.313,-12.02,-5.82,,3,15,,6,8,,3,13,,2136,2275,,1285,740,1728,.428,239,689,.347,417,594,.702,321,1171,367,105,53,382,566
55,Colgate,33,14,19,.424,-7.65,-6.34,,10,8,,10,4,,4,13,,2379,2388,,1330,888,1897,.468,287,806,.356,316,433,.730,256,1067,467,211,80,372,492
56,College of Charleston,33,24,9,.727,-0.40,-3.18,,13,5,,13,2,,7,5,,2549,2437,,1340,892,1962,.455,276,782,.353,489,683,.716,307,1189,525,214,76,377,513
57,Colorado,34,14,20,.412,10.41,11.97,,3,17,,11,7,,0,10,,2377,2430,,1370,824,1849,.446,222,689,.322,507,672,.754,319,1190,481,240,133,491,570
58,Colorado State NCAA,35,26,9,.743,13.77,5.63,,16,4,,14,2,,7,4,,2636,2351,,1415,924,1934,.478,305,834,.366,481,621,.775,289,1218,579,182,95,406,606
59,Columbia,27,12,15,.444,-9.06,-5.58,,1,13,,9,6,,3,9,,2117,2109,,1080,771,1655,.466,222,659,.337,353,480,.735,259,940,470,210,57,295,415
60,Connecticut NCAA,34,24,10,.706,17.92,8.60,,14,6,,14,2,,7,4,,2621,2304,,1380,930,1944,.478,291,829,.351,470,596,.789,378,1216,590,182,215,383,618
61,Coppin State,30,6,24,.200,-21.09,-5.54,,4,10,,5,6,,1,17,,1867,2292,,1205,653,1644,.397,155,528,.294,406,596,.681,290,919,336,244,57,447,520
62,Cornell,29,18,11,.621,1.02,-3.65,,9,5,,9,5,,8,5,,2467,2248,,1160,886,1770,.501,325,865,.376,370,490,.755,258,1015,554,183,94,347,473
63,Creighton NCAA,35,25,10,.714,16.69,10.75,,15,5,,15,2,,6,5,,2647,2439,,1410,949,1988,.477,332,971,.342,417,571,.730,299,1319,598,128,160,429,383
64,Dartmouth,28,14,14,.500,-4.60,-5.29,,8,6,,9,4,,5,9,,2166,2013,,1125,748,1710,.437,284,806,.352,386,520,.742,250,1062,441,144,86,322,417
65,Davidson,33,17,16,.515,1.30,0.74,,6,12,,11,6,,4,7,,2393,2334,,1320,859,1891,.454,266,786,.338,409,548,.746,267,1095,491,188,83,318,488
66,Dayton,33,23,10,.697,9.09,4.40,,12,6,,16,2,,6,4,,2492,2321,,1340,849,1851,.459,271,756,.358,523,704,.743,321,1132,503,235,116,345,515
67,Delaware,36,16,20,.444,-5.90,-3.93,,5,13,,8,7,,3,11,,2780,2803,,1440,988,2081,.475,316,849,.372,488,624,.782,267,1151,510,230,108,426,597
68,Delaware State,30,16,14,.533,-12.09,-8.90,,8,6,,11,2,,3,11,,2360,2229,,1210,871,1889,.461,155,420,.369,463,640,.723,399,1122,419,259,78,379,545
69,Denver,32,11,21,.344,-10.25,-2.87,,5,11,,8,6,,3,12,,2316,2483,,1300,820,1825,.449,232,669,.347,444,600,.740,282,986,367,219,81,405,718
70,DePaul,33,14,19,.424,5.91,7.34,,4,16,,11,8,,2,10,,2402,2449,,1350,860,1926,.447,309,893,.346,373,528,.706,306,1140,518,202,120,407,543
71,Detroit Mercy,32,8,24,.250,-13.42,-3.07,,4,16,,6,7,,2,15,,2146,2428,,1300,781,1897,.412,180,546,.330,404,550,.735,384,1207,347,185,79,416,605
72,Drake NCAA,34,31,3,.912,9.67,0.67,,17,3,,14,2,,10,1,,2380,1985,,1385,823,1705,.483,224,627,.357,510,730,.699,348,1054,458,311,83,383,539
73,Drexel,33,18,15,.545,-3.45,-5.42,,9,9,,8,6,,7,7,,2322,2207,,1345,870,1898,.458,254,706,.360,328,469,.699,364,1214,430,161,150,402,486
74,Duke NCAA,35,32,3,.914,30.27,8.81,,19,1,,17,0,,10,1,,2905,2154,,1400,1016,2080,.488,358,949,.377,515,657,.784,388,1357,591,244,134,328,552
75,Duquesne,32,13,19,.406,1.53,1.24,,8,10,,9,7,,2,8,,2212,2155,,1290,795,1838,.433,268,786,.341,354,544,.651,374,1091,442,227,136,387,564
76,East Carolina,33,19,14,.576,-0.52,-0.65,,10,8,,12,6,,4,6,,2502,2434,,1345,879,2015,.436,222,703,.316,522,725,.720,425,1226,438,249,149,359,516
77,East Tennessee State,32,19,13,.594,-1.09,-5.22,,12,6,,13,3,,6,9,,2301,2128,,1280,815,1880,.434,271,779,.348,400,605,.661,404,1186,415,257,121,347,521
78,East Texas A&M,31,5,26,.161,-12.43,-1.92,,3,17,,4,10,,1,16,,1995,2321,,1245,713,1714,.416,260,828,.314,309,480,.644,304,948,439,260,122,475,520
79,Eastern Illinois,31,12,19,.387,-12.55,-5.83,,8,12,,7,7,,4,12,,2062,2140,,1250,742,1801,.412,166,520,.319,412,608,.678,358,1094,350,278,85,387,577
80,Eastern Kentucky,32,18,14,.563,-3.60,-4.20,,12,6,,10,3,,7,9,,2491,2408,,1300,883,2081,.424,306,884,.346,419,559,.750,431,1183,417,276,112,315,535
81,Eastern Michigan,32,16,16,.500,-9.12,-5.28,,9,9,,9,5,,6,10,,2355,2449,,1290,833,1812,.460,241,690,.349,448,608,.737,321,1043,400,223,109,416,577
82,Eastern Washington,32,10,22,.313,-8.63,-1.90,,6,12,,8,6,,2,14,,2283,2415,,1280,818,1792,.456,216,664,.325,431,554,.778,273,963,437,241,100,401,583
83,Elon,32,17,15,.531,-3.71,-4.51,,8,10,,10,4,,6,9,,2355,2232,,1285,795,1803,.441,250,766,.326,515,690,.746,408,1274,390,167,131,399,425
84,Evansville,32,11,21,.344,-6.00,0.36,,8,12,,7,9,,4,11,,2113,2263,,1280,761,1759,.433,218,719,.303,373,535,.697,245,1054,403,192,140,377,527
85,Fairfield,32,12,20,.375,-14.34,-7.50,,8,12,,8,6,,3,12,,2161,2324,,1285,784,1925,.407,230,729,.316,363,500,.726,351,1054,404,218,96,331,522
86,FDU,33,13,20,.394,-11.45,-7.59,,8,8,,9,4,,4,14,,2431,2415,,1341,849,1946,.436,275,819,.336,458,644,.711,321,1120,449,229,89,387,530
87,Florida NCAA,35,31,4,.886,27.43,10.97,,14,4,,15,1,,7,3,,2999,2423,,1400,1058,2237,.473,347,981,.354,536,742,.722,491,1470,559,270,164,374,603
88,Florida A&M,31,14,17,.452,-13.26,-5.91,,10,8,,9,3,,4,13,,2235,2334,,1242,758,1721,.440,279,807,.346,440,617,.713,296,1058,392,162,100,425,548
89,Florida Atlantic,34,18,16,.529,3.91,2.15,,10,8,,8,6,,6,7,,2677,2569,,1375,954,2059,.463,296,840,.352,473,679,.697,377,1254,548,213,147,390,586
90,Florida Gulf Coast,32,18,14,.563,-2.26,-4.55,,13,5,,11,5,,7,9,,2321,2233,,1280,883,1874,.471,257,724,.355,298,432,.690,315,1125,452,179,75,338,471
91,Florida International,33,10,23,.303,-6.59,-1.52,,3,15,,7,8,,1,13,,2285,2380,,1340,821,1932,.425,168,585,.287,475,672,.707,378,1159,403,297,153,451,560
92,Florida State,32,17,15,.531,8.54,6.54,,8,12,,11,5,,2,9,,2383,2319,,1285,834,1838,.454,196,619,.317,519,724,.717,326,1107,417,243,152,393,611
93,Fordham,33,12,21,.364,-4.11,0.92,,3,15,,8,8,,2,10,,2452,2573,,1335,850,2008,.423,272,836,.325,480,668,.719,400,1198,452,250,115,434,618
94,Fresno State,32,6,26,.188,-5.51,4.49,,2,18,,5,9,,1,14,,2262,2582,,1315,782,1927,.406,213,680,.313,485,701,.692,338,1113,344,242,103,412,494
95,Furman,35,25,10,.714,-0.20,-3.33,,11,7,,13,3,,9,6,,2702,2443,,1415,927,2024,.458,380,1037,.366,468,681,.687,368,1269,593,229,114,391,522
96,Gardner-Webb,31,11,20,.355,-8.09,-3.74,,5,11,,5,6,,3,13,,2287,2422,,1240,824,1775,.464,194,588,.330,445,643,.692,356,1129,325,161,101,453,583
97,George Mason,35,27,8,.771,7.77,0.97,,15,3,,18,1,,7,6,,2497,2221,,1430,848,1859,.456,243,685,.355,558,783,.713,358,1284,446,261,118,454,579
98,George Washington,33,21,12,.636,2.83,-1.92,,9,9,,13,4,,5,6,,2430,2238,,1335,830,1858,.447,245,773,.317,523,747,.700,363,1159,463,295,102,407,499
99,Georgetown,32,17,15,.531,8.66,5.81,,8,12,,14,5,,3,9,,2293,2202,,1280,857,1926,.445,229,720,.318,350,496,.706,356,1125,458,254,122,374,499
100,Georgia NCAA,33,20,13,.606,16.41,10.98,,8,10,,15,3,,3,7,,2486,2307,,1320,860,1870,.460,228,692,.329,538,750,.717,391,1203,411,256,169,426,548
101,Georgia Southern,33,17,16,.515,-7.40,-5.34,,8,10,,11,3,,4,11,,2449,2505,,1340,887,2063,.430,313,912,.343,362,550,.658,423,1234,450,260,123,444,648
102,Georgia State,33,14,19,.424,-7.41,-2.91,,8,10,,9,6,,3,11,,2479,2583,,1325,898,1998,.449,233,675,.345,450,656,.686,393,1255,401,173,97,391,523
103,Georgia Tech,34,17,17,.500,6.40,5.99,,10,10,,14,6,,2,9,,2485,2471,,1380,898,2045,.439,258,753,.343,431,627,.687,371,1262,504,201,126,414,537
104,Gonzaga NCAA,34,26,8,.765,24.02,6.91,,14,4,,13,2,,8,2,,2948,2366,,1375,1082,2160,.501,254,723,.351,530,663,.799,380,1312,672,256,101,323,573
105,Grambling,34,12,22,.353,-12.40,-7.53,,7,11,,6,7,,4,12,,2271,2301,,1370,800,1863,.429,219,648,.338,452,620,.729,300,1145,387,227,126,431,557
106,Grand Canyon NCAA,34,26,8,.765,5.13,-2.48,,13,3,,16,1,,5,4,,2661,2362,,1365,906,1988,.456,211,677,.312,638,873,.731,381,1266,469,312,175,448,594
107,Green Bay,32,4,28,.125,-13.19,-2.51,,2,18,,3,11,,1,17,,2237,2570,,1285,742,1716,.432,259,788,.329,494,630,.784,197,958,447,157,64,401,583
108,Hampton,33,17,16,.515,-4.99,-3.79,,8,10,,10,4,,4,9,,2391,2309,,1325,856,2010,.426,247,741,.333,430,604,.712,435,1196,391,248,100,356,602
109,Harvard,27,12,15,.444,-7.71,-3.75,,7,7,,7,5,,5,10,,1848,1945,,1085,679,1532,.443,197,611,.322,293,382,.767,224,854,369,199,77,322,383
110,Hawaii,31,15,16,.484,-3.43,-0.88,,7,13,,13,7,,2,9,,2173,2208,,1250,745,1658,.449,203,634,.320,480,650,.738,308,1103,368,110,73,418,548
111,High Point NCAA,35,29,6,.829,5.39,-5.10,,14,2,,16,1,,7,3,,2858,2413,,1405,1000,2031,.492,290,798,.363,568,746,.761,390,1263,454,214,100,363,633
112,Hofstra,33,15,18,.455,-4.78,-3.68,,6,12,,6,7,,5,9,,2202,2141,,1340,794,1861,.427,273,802,.340,341,477,.715,290,1173,447,196,130,371,580
113,Holy Cross,32,13,19,.406,-12.45,-7.28,,5,13,,7,6,,4,13,,2227,2307,,1290,824,1806,.456,292,754,.387,287,398,.721,239,1042,398,148,92,382,441
114,Houston NCAA,35,31,4,.886,28.39,12.02,,19,1,,16,1,,10,0,,2601,2028,,1425,943,2065,.457,284,717,.396,431,582,.741,436,1281,418,281,162,323,570
115,Houston Christian,32,12,20,.375,-8.23,-3.03,,9,11,,8,7,,4,12,,2111,2220,,1280,742,1753,.423,251,769,.326,376,547,.687,296,1000,348,252,115,374,435
116,Howard,32,12,20,.375,-11.87,-6.72,,7,7,,8,6,,3,11,,2480,2538,,1290,854,1837,.465,273,733,.372,499,675,.739,320,1090,507,180,97,478,612
117,Idaho,33,14,19,.424,-7.78,-3.27,,8,10,,8,6,,5,11,,2430,2493,,1325,823,1871,.440,308,885,.348,476,634,.751,337,1113,405,194,93,390,589
118,Idaho State,30,15,15,.500,-3.77,-3.84,,10,8,,10,4,,5,10,,2230,2099,,1205,779,1809,.431,221,681,.325,451,608,.742,422,1143,398,181,135,321,494
119,Illinois NCAA,34,22,12,.647,21.81,12.48,,12,8,,13,4,,5,5,,2852,2535,,1371,979,2171,.451,321,1022,.314,573,749,.765,441,1448,508,147,142,395,547
120,Illinois State,33,19,14,.576,1.87,-0.09,,10,10,,12,4,,5,7,,2492,2374,,1325,876,1833,.478,330,879,.375,410,548,.748,257,1065,479,188,56,344,549
121,Illinois-Chicago,31,17,14,.548,-0.55,0.66,,10,10,,9,5,,7,6,,2357,2286,,1260,831,1827,.455,250,716,.349,445,619,.719,328,1119,476,210,97,375,548
122,Incarnate Word,33,17,16,.515,-6.50,-5.47,,9,11,,11,5,,4,10,,2407,2274,,1330,891,1918,.465,262,695,.377,363,533,.681,395,1159,411,225,125,387,536
123,Indiana,32,19,13,.594,14.56,11.93,,10,10,,14,4,,4,6,,2389,2305,,1285,871,1902,.458,203,632,.321,444,629,.706,349,1166,509,186,107,371,531
124,Indiana State,32,14,18,.438,-3.08,-0.58,,8,12,,8,6,,4,9,,2563,2545,,1295,877,1884,.465,323,931,.347,486,649,.749,294,1139,502,219,71,448,586
125,Iona,34,17,17,.500,-8.40,-7.60,,12,8,,7,7,,7,7,,2369,2396,,1370,872,2075,.420,229,721,.318,396,578,.685,495,1259,492,327,96,491,621
126,Iowa,33,17,16,.515,12.83,10.05,,7,13,,12,6,,2,8,,2722,2630,,1325,1011,2065,.490,322,847,.380,378,536,.705,286,1056,605,219,138,323,509
127,Iowa State NCAA,34,25,9,.735,23.15,10.41,,13,7,,15,2,,6,5,,2734,2301,,1380,955,1978,.483,260,726,.358,564,746,.756,348,1204,515,320,120,405,547
128,IU Indy,32,10,22,.313,-11.47,-4.19,,6,14,,6,8,,4,12,,2402,2458,,1285,803,1873,.429,328,878,.374,468,632,.741,366,1073,436,199,64,329,560
129,Jackson State,34,16,18,.471,-9.27,-6.12,,14,4,,8,1,,6,15,,2428,2535,,1380,835,1978,.422,217,666,.326,541,741,.730,372,1246,415,243,115,471,560
130,Jacksonville,32,19,13,.594,-3.53,-3.56,,12,6,,11,3,,7,9,,2308,2273,,1285,847,1925,.440,235,652,.360,379,557,.680,404,1163,437,249,143,420,554
131,Jacksonville State,35,23,12,.657,1.84,0.00,,12,6,,12,2,,8,7,,2592,2398,,1410,919,2051,.448,271,766,.354,483,639,.756,381,1343,412,176,125,354,477
132,James Madison,32,20,12,.625,-1.59,-2.56,,13,5,,13,2,,5,8,,2365,2256,,1290,823,1874,.439,287,830,.346,432,573,.754,360,1142,373,194,101,337,523
133,Kansas NCAA,34,21,13,.618,20.31,13.78,,11,9,,14,3,,4,8,,2587,2365,,1375,984,2093,.470,253,714,.354,366,511,.716,359,1310,602,211,160,402,486
134,Kansas City,33,13,20,.394,-5.52,-2.90,,4,12,,9,5,,2,12,,2386,2218,,1320,816,1898,.430,290,845,.343,464,609,.762,392,1168,407,244,106,394,552
135,Kansas State,33,16,17,.485,11.19,9.98,,9,11,,10,6,,3,9,,2337,2297,,1325,856,1943,.441,254,781,.325,371,537,.691,339,1118,505,244,114,399,515
136,Kennesaw State,33,19,14,.576,0.62,0.96,,10,8,,12,3,,5,8,,2526,2417,,1330,857,1996,.429,284,915,.310,528,734,.719,414,1331,439,218,140,451,618
137,Kent State,34,23,11,.676,1.49,-3.11,,11,7,,11,4,,9,5,,2508,2312,,1365,902,2059,.438,247,777,.318,457,613,.746,435,1260,429,259,108,402,618
138,Kentucky NCAA,34,23,11,.676,21.26,13.49,,10,8,,15,3,,4,6,,2891,2627,,1365,1008,2092,.482,327,874,.374,548,745,.736,340,1309,579,228,139,375,585
139,La Salle,33,14,19,.424,-3.32,1.33,,5,13,,10,5,,2,10,,2376,2465,,1325,845,2046,.413,230,685,.336,456,628,.726,392,1217,388,238,117,354,521
140,Lafayette,33,13,20,.394,-10.09,-8.25,,7,11,,10,6,,3,14,,2261,2274,,1337,809,1854,.436,257,753,.341,386,564,.684,284,1102,486,192,115,362,512
141,Lamar,33,20,13,.606,-2.22,-2.69,,14,6,,10,4,,9,6,,2306,2170,,1325,845,1979,.427,230,653,.352,386,562,.687,441,1277,495,246,165,413,504
142,Le Moyne,32,9,23,.281,-17.57,-7.89,,4,12,,6,6,,2,15,,2371,2566,,1315,826,1802,.458,253,746,.339,466,662,.704,290,1051,454,222,69,444,614
143,Lehigh,30,11,19,.367,-10.15,-6.58,,6,12,,8,5,,3,14,,2110,2143,,1210,758,1682,.451,236,637,.370,358,524,.683,220,947,401,174,63,321,486
144,Liberty NCAA,35,28,7,.800,7.53,-0.88,,13,5,,12,3,,9,2,,2655,2219,,1405,958,1959,.489,367,958,.383,372,565,.658,227,1150,588,231,103,354,469
145,Lindenwood,33,16,17,.485,-13.16,-7.26,,10,10,,11,3,,3,12,,2348,2354,,1340,837,1983,.422,192,678,.283,482,709,.680,380,1203,370,277,133,415,534
146,Lipscomb NCAA,35,25,10,.714,4.56,-4.26,,14,4,,15,3,,10,6,,2752,2371,,1405,958,2035,.471,344,964,.357,492,620,.794,287,1241,530,242,104,341,437
147,Little Rock,33,19,14,.576,-6.82,-7.63,,12,8,,9,5,,9,7,,2287,2219,,1330,843,1894,.445,215,583,.369,386,548,.704,342,1112,447,298,172,458,563
148,Long Beach State,32,7,25,.219,-10.10,-0.33,,3,17,,3,11,,4,11,,2152,2374,,1295,736,1698,.433,218,625,.349,462,611,.756,304,1021,364,182,96,460,585
149,Long Island University,33,17,16,.515,-10.75,-9.58,,12,4,,9,5,,7,8,,2235,2156,,1345,831,1910,.435,201,649,.310,372,518,.718,382,1172,388,269,117,430,625
150,Longwood,32,18,14,.563,-4.52,-4.94,,7,9,,12,4,,5,7,,2504,2371,,1280,847,1830,.463,206,620,.332,604,831,.727,362,1111,427,244,65,400,590
151,Louisiana,33,12,21,.364,-10.61,-2.23,,8,10,,5,12,,6,5,,2159,2410,,1330,757,1897,.399,223,720,.310,422,579,.729,316,1013,340,243,95,357,578
152,Louisiana State,32,14,18,.438,9.94,9.69,,3,15,,11,7,,2,8,,2363,2355,,1295,838,1885,.445,250,820,.305,437,612,.714,330,1141,409,227,151,419,537
153,Louisiana Tech,32,20,12,.625,1.57,-0.60,,9,9,,11,4,,5,7,,2364,2188,,1300,830,1780,.466,248,730,.340,456,608,.750,307,1166,485,205,131,402,505
154,Louisiana-Monroe,32,7,25,.219,-15.01,-4.21,,3,15,,5,11,,2,12,,2205,2417,,1290,782,1920,.407,218,658,.331,423,593,.713,360,1155,413,228,76,374,448
155,Louisville NCAA,35,27,8,.771,18.58,9.58,,18,2,,14,3,,9,2,,2747,2432,,1405,947,2088,.454,328,999,.328,525,704,.746,389,1305,486,223,100,395,545
156,Loyola (IL),34,23,11,.676,3.48,0.08,,12,6,,16,1,,6,5,,2499,2335,,1375,896,1953,.459,290,824,.352,417,627,.665,346,1213,542,217,154,416,605
157,Loyola (MD),31,12,19,.387,-11.76,-8.39,,6,12,,7,7,,5,12,,2145,2205,,1245,775,1779,.436,229,704,.325,366,525,.697,310,1034,426,223,89,372,475
158,Loyola Marymount,32,17,15,.531,1.44,3.18,,8,10,,11,6,,3,8,,2279,2290,,1280,821,1868,.440,252,755,.334,385,532,.724,251,1068,423,185,126,333,527
159,Maine,34,20,14,.588,-5.65,-7.83,,10,6,,9,3,,7,9,,2409,2248,,1365,893,1929,.463,225,634,.355,398,542,.734,253,1030,504,308,124,352,511
160,Manhattan,30,17,13,.567,-7.34,-8.31,,12,8,,9,5,,8,7,,2280,2235,,1225,792,1809,.438,260,755,.344,436,566,.770,358,1109,452,190,76,354,426
161,Marist,30,20,10,.667,-8.81,-10.31,,13,7,,11,4,,9,5,,1979,1934,,1215,753,1712,.440,202,643,.314,271,383,.708,310,1079,420,173,103,358,448
162,Marquette NCAA,34,23,11,.676,18.47,10.64,,13,7,,14,3,,7,6,,2603,2337,,1370,943,2123,.444,321,985,.326,396,550,.720,372,1159,467,305,124,318,545
163,Marshall,33,20,13,.606,-2.15,-4.41,,12,6,,14,3,,5,9,,2499,2366,,1325,883,2004,.441,260,807,.322,473,683,.693,412,1239,482,219,180,382,636
164,Maryland NCAA,34,26,8,.765,23.36,9.36,,14,6,,16,2,,5,5,,2776,2260,,1366,991,2096,.473,276,739,.373,518,694,.746,365,1256,493,266,156,347,529
165,Maryland-Baltimore County,32,13,19,.406,-11.41,-8.06,,5,11,,8,9,,5,10,,2559,2522,,1300,929,1917,.485,287,741,.387,414,598,.692,238,1027,469,235,85,364,490
166,Maryland-Eastern Shore,31,6,25,.194,-20.53,-4.35,,2,12,,5,7,,1,17,,2090,2410,,1240,738,1740,.424,210,639,.329,404,608,.664,307,1021,361,165,62,416,557
167,Massachusetts,32,12,20,.375,-2.76,0.46,,7,11,,8,8,,4,7,,2333,2399,,1300,841,2053,.410,185,658,.281,466,702,.664,456,1269,413,249,155,375,580
168,Massachusetts-Lowell,32,17,15,.531,-7.10,-7.45,,6,10,,14,4,,4,10,,2543,2371,,1290,916,1843,.497,226,639,.354,485,628,.772,274,1145,492,188,137,401,427
169,McNeese State NCAA,34,28,6,.824,9.17,-1.77,,19,1,,13,1,,10,2,,2618,2180,,1360,938,1963,.478,256,721,.355,486,691,.703,403,1238,477,304,118,368,550
170,Memphis NCAA,35,29,6,.829,12.25,5.76,,16,2,,13,2,,11,2,,2795,2568,,1415,981,2078,.472,260,692,.376,573,816,.702,427,1313,505,271,166,486,624
171,Mercer,33,14,19,.424,-8.50,-5.18,,6,12,,7,6,,5,11,,2511,2485,,1335,919,2113,.435,273,849,.322,400,611,.655,386,1297,436,278,87,398,547
172,Mercyhurst,31,15,16,.484,-15.26,-9.22,,9,7,,10,2,,4,13,,2105,2167,,1255,735,1703,.432,214,610,.351,421,525,.802,235,849,419,227,67,335,519
173,Merrimack,33,18,15,.545,-4.46,-5.85,,14,6,,8,5,,9,8,,2166,2120,,1330,787,1861,.423,263,798,.330,329,455,.723,232,932,391,313,124,297,518
174,Miami (FL),31,7,24,.226,0.46,7.10,,3,17,,7,10,,0,10,,2294,2500,,1250,849,1849,.459,223,712,.313,373,488,.764,293,977,399,198,106,339,445
175,Miami (OH),34,25,9,.735,-0.84,-5.27,,14,4,,15,1,,6,7,,2740,2473,,1365,985,2046,.481,363,914,.397,407,562,.724,319,1159,550,272,120,412,601
176,Michigan NCAA,35,26,9,.743,19.98,13.06,,14,6,,13,3,,7,3,,2729,2487,,1410,962,2036,.472,290,868,.334,515,712,.723,383,1341,563,188,124,493,597
177,Michigan State NCAA,34,28,6,.824,22.45,11.12,,17,3,,15,1,,8,2,,2666,2281,,1365,933,2026,.461,207,666,.311,593,761,.779,411,1368,572,184,152,392,576
178,Middle Tennessee,34,22,12,.647,2.57,1.07,,12,6,,11,5,,8,5,,2608,2466,,1395,945,2084,.453,259,819,.316,459,685,.670,393,1305,427,224,148,391,588
179,Milwaukee,32,21,11,.656,0.38,-3.76,,14,6,,13,3,,7,8,,2510,2295,,1290,907,1939,.468,189,613,.308,507,741,.684,462,1253,457,246,105,423,562
180,Minnesota,32,15,17,.469,8.48,10.13,,7,13,,10,9,,5,5,,2178,2231,,1305,796,1806,.441,209,649,.322,377,568,.664,337,1084,488,193,151,346,561
181,Mississippi NCAA,34,23,11,.676,17.75,12.25,,10,8,,13,3,,5,6,,2618,2431,,1370,901,2037,.442,280,817,.343,536,729,.735,313,1131,482,296,130,308,616
182,Mississippi State NCAA,34,21,13,.618,17.15,11.80,,8,10,,10,5,,6,5,,2704,2522,,1375,971,2147,.452,288,916,.314,474,676,.701,435,1288,517,310,152,365,591
183,Mississippi Valley State,31,3,28,.097,-34.45,-4.62,,1,17,,2,9,,1,19,,1678,2506,,1240,610,1568,.389,140,473,.296,318,482,.660,238,868,258,186,60,501,507
184,Missouri NCAA,34,22,12,.647,19.49,9.49,,10,8,,18,2,,3,7,,2844,2504,,1365,939,1949,.482,296,806,.367,670,918,.730,374,1157,467,318,89,370,620
185,Missouri State,32,9,23,.281,-3.87,0.60,,2,18,,7,8,,1,12,,2175,2268,,1315,776,1735,.447,228,639,.357,395,602,.656,334,1046,390,236,83,437,580
186,Monmouth,33,13,20,.394,-7.96,-2.93,,10,8,,8,2,,4,14,,2321,2487,,1335,784,1908,.411,233,661,.352,520,701,.742,357,1124,389,195,147,364,592
187,Montana NCAA,35,25,10,.714,-1.25,-1.41,,15,3,,15,1,,7,8,,2680,2565,,1405,964,1934,.498,256,716,.358,496,674,.736,253,1108,474,219,112,380,564
188,Montana State,33,15,18,.455,-2.60,-2.54,,9,9,,11,3,,3,14,,2354,2298,,1325,835,1834,.455,270,793,.340,414,571,.725,230,1033,435,210,119,328,528
189,Morehead State,32,15,17,.469,-13.65,-7.52,,10,10,,9,5,,6,10,,2116,2199,,1285,741,1779,.417,190,614,.309,444,658,.675,361,1171,368,179,82,377,506
190,Morgan State,32,14,18,.438,-14.95,-8.37,,7,7,,11,4,,2,13,,2559,2584,,1295,948,1988,.477,148,435,.340,515,707,.728,396,1193,414,222,149,432,595
191,Mount St. Mary's NCAA,36,23,13,.639,-7.72,-6.29,,12,8,,10,4,,9,8,,2524,2538,,1460,889,2014,.441,285,827,.345,461,626,.736,366,1350,537,217,99,538,563
192,Murray State,33,16,17,.485,0.85,0.44,,9,11,,7,5,,6,8,,2371,2282,,1350,789,1823,.433,251,730,.344,542,751,.722,331,1121,392,220,100,376,573
193,Navy,34,15,19,.441,-9.77,-8.65,,10,8,,9,5,,6,12,,2407,2393,,1365,837,1979,.423,249,737,.338,484,661,.732,383,1216,452,222,91,367,557
194,NC State,31,12,19,.387,5.67,6.48,,5,15,,12,6,,0,11,,2158,2183,,1245,764,1798,.425,209,650,.322,421,580,.726,318,992,394,200,118,295,515
195,Nebraska,31,17,14,.548,12.96,10.44,,7,13,,10,6,,5,7,,2337,2259,,1260,814,1798,.453,225,693,.325,484,647,.748,285,1089,427,220,92,352,488
196,Nevada,33,17,16,.515,9.50,5.31,,8,12,,11,6,,3,8,,2386,2248,,1329,845,1785,.473,228,669,.341,468,666,.703,286,1071,497,205,119,335,578
197,Nevada-Las Vegas,33,18,15,.545,6.73,5.61,,11,9,,12,5,,5,7,,2285,2248,,1320,803,1826,.440,210,631,.333,469,654,.717,306,1119,398,216,120,352,526
198,New Hampshire,32,8,24,.250,-19.87,-7.36,,6,10,,6,6,,2,15,,2124,2450,,1280,772,1872,.412,249,765,.325,331,502,.659,331,1098,359,181,76,424,529
199,New Mexico NCAA,34,27,7,.794,15.26,6.08,,17,3,,16,1,,7,4,,2756,2401,,1370,983,2142,.459,239,688,.347,551,797,.691,413,1333,514,301,173,390,592
200,New Mexico State,32,17,15,.531,0.99,0.54,,10,8,,9,6,,8,6,,2229,2110,,1285,787,1895,.415,228,710,.321,427,633,.675,379,1198,373,204,74,348,591
201,New Orleans,31,4,27,.129,-15.19,-0.64,,2,18,,0,11,,3,15,,2105,2556,,1252,758,1840,.412,172,565,.304,417,623,.669,375,1104,380,226,81,408,465
202,Niagara,31,11,20,.355,-12.73,-8.25,,6,14,,5,7,,3,13,,2122,2214,,1255,747,1659,.450,251,711,.353,377,510,.739,233,953,390,193,69,380,487
203,Nicholls State,33,20,13,.606,-2.19,-2.53,,13,7,,11,4,,8,8,,2443,2296,,1330,867,2025,.428,252,729,.346,457,667,.685,396,1247,373,266,129,351,569
204,NJIT,31,6,25,.194,-17.77,-7.70,,3,13,,4,9,,1,16,,2023,2269,,1245,726,1815,.400,212,688,.308,359,491,.731,333,1100,312,148,114,375,570
205,Norfolk State NCAA,35,24,11,.686,-3.56,-6.50,,11,3,,11,1,,8,9,,2696,2440,,1410,968,1983,.488,185,567,.326,575,760,.757,358,1208,484,244,105,433,622
206,North Alabama,35,24,11,.686,1.24,-5.28,,14,4,,16,1,,7,10,,2753,2471,,1410,998,2185,.457,267,761,.351,490,691,.709,435,1336,422,263,115,310,520
207,North Carolina NCAA,37,23,14,.622,17.35,11.30,,13,7,,12,3,,6,6,,2987,2763,,1490,1059,2230,.475,295,829,.356,574,775,.741,362,1357,547,221,135,397,625
208,North Carolina A&T,32,7,25,.219,-13.09,-4.12,,3,15,,5,9,,2,15,,2213,2439,,1280,791,1937,.408,215,708,.304,416,606,.686,341,1148,358,197,96,340,482
209,North Carolina Central,33,14,19,.424,-12.75,-7.89,,6,8,,10,4,,2,13,,2600,2501,,1340,915,1994,.459,242,691,.350,528,759,.696,437,1105,520,276,79,437,658
210,North Dakota,33,12,21,.364,-7.28,-1.38,,5,11,,8,6,,2,12,,2550,2624,,1320,899,2069,.435,271,831,.326,481,679,.708,437,1245,405,188,81,375,549
211,North Dakota State,32,21,11,.656,1.26,-3.43,,10,6,,11,4,,8,6,,2595,2386,,1296,871,1826,.477,380,955,.398,473,610,.775,286,1111,480,117,59,332,478
212,North Florida,32,15,17,.469,-8.29,-3.56,,8,10,,8,6,,7,10,,2651,2712,,1295,944,2125,.444,409,1147,.357,354,517,.685,359,1145,521,202,104,358,573
213,North Texas,33,25,8,.758,7.82,0.37,,14,4,,16,1,,7,5,,2254,1974,,1320,773,1704,.454,228,634,.360,480,619,.775,336,1080,349,252,78,339,490
214,Northeastern,32,17,15,.531,-4.44,-4.88,,9,9,,8,5,,7,8,,2243,2229,,1280,835,1848,.452,217,644,.337,356,518,.687,339,1090,415,242,151,399,516
215,Northern Arizona,33,18,15,.545,-6.18,-5.59,,8,10,,10,5,,7,8,,2503,2350,,1321,920,2023,.455,268,765,.350,395,598,.661,391,1244,492,201,51,336,528
216,Northern Colorado,35,25,10,.714,1.31,-3.63,,15,3,,13,2,,9,7,,2822,2545,,1415,1024,2019,.507,294,773,.380,480,663,.724,290,1205,552,214,82,386,610
217,Northern Illinois,31,6,25,.194,-16.46,-4.39,,2,16,,5,10,,1,15,,2199,2383,,1255,756,1843,.410,295,882,.334,392,556,.705,229,1018,388,190,110,355,612
218,Northern Iowa,33,20,13,.606,5.34,0.55,,14,6,,14,3,,5,6,,2418,2223,,1325,872,1792,.487,236,644,.366,438,630,.695,265,1090,459,196,99,348,484
219,Northern Kentucky,33,17,16,.515,-4.77,-3.13,,11,9,,12,6,,5,10,,2371,2377,,1340,852,1946,.438,258,772,.334,409,611,.669,374,1110,467,256,106,397,529
220,Northwestern,33,17,16,.515,14.45,11.18,,7,13,,12,5,,2,9,,2390,2282,,1340,860,1951,.441,222,667,.333,448,611,.733,361,1114,480,228,116,329,582
221,Northwestern State,32,16,16,.500,-5.13,-1.50,,12,8,,9,5,,6,10,,2146,2204,,1290,756,1756,.431,223,630,.354,411,575,.715,364,1120,407,218,136,421,500
222,Notre Dame,33,15,18,.455,7.21,7.06,,8,12,,11,5,,3,9,,2397,2392,,1355,851,1889,.451,251,708,.355,444,600,.740,329,1158,376,184,58,366,518
223,Oakland,34,16,18,.471,-2.66,-0.94,,11,9,,9,4,,6,11,,2402,2436,,1390,859,1968,.436,255,836,.305,429,614,.699,411,1203,439,223,102,406,545
224,Ohio,32,16,16,.500,-2.53,-4.27,,10,8,,12,3,,3,10,,2554,2449,,1290,899,1915,.469,275,769,.358,481,632,.761,261,1062,450,231,95,348,559
225,Ohio State,32,17,15,.531,17.81,12.53,,9,11,,11,6,,4,7,,2522,2353,,1310,878,1884,.466,261,710,.368,505,675,.748,305,1077,422,208,115,349,626
226,Oklahoma NCAA,34,20,14,.588,14.87,11.22,,6,12,,12,5,,2,7,,2661,2537,,1360,886,1894,.468,288,788,.365,601,756,.795,287,1092,457,265,78,411,629
227,Oklahoma State,33,16,17,.485,6.90,10.38,,7,13,,13,3,,2,10,,2412,2527,,1320,812,1905,.426,218,665,.328,570,790,.722,373,1162,415,298,91,446,640
228,Old Dominion,35,15,20,.429,-9.56,-4.10,,8,10,,7,9,,5,7,,2376,2502,,1410,839,2120,.396,218,758,.288,480,669,.717,500,1345,369,193,118,400,586
229,Omaha NCAA,35,22,13,.629,-1.44,-2.26,,13,3,,11,2,,7,9,,2707,2634,,1400,941,2051,.459,288,808,.356,537,744,.722,360,1254,465,207,82,379,639
230,Oral Roberts,30,7,23,.233,-11.59,-0.66,,3,13,,7,7,,0,15,,2200,2356,,1205,738,1693,.436,280,773,.362,444,590,.753,252,940,306,149,70,348,532
231,Oregon NCAA,34,25,9,.735,17.96,11.99,,12,8,,12,4,,7,4,,2596,2393,,1375,915,1992,.459,264,768,.344,502,657,.764,346,1216,493,247,127,386,551
232,Oregon State,32,20,12,.625,8.80,2.19,,10,8,,15,3,,3,7,,2441,2200,,1295,844,1745,.484,228,620,.368,525,668,.786,302,1069,467,210,100,350,508
233,Pacific,33,9,24,.273,-6.87,2.32,,4,14,,5,10,,2,13,,2295,2500,,1330,819,1883,.435,212,707,.300,445,614,.725,343,1156,421,188,94,432,610
234,Penn State,31,16,15,.516,13.58,7.71,,6,14,,11,6,,3,8,,2452,2270,,1240,858,1792,.479,222,648,.343,514,680,.756,291,1045,496,250,126,384,512
235,Pennsylvania,27,8,19,.296,-10.35,-2.54,,4,10,,5,8,,3,10,,1878,2089,,1085,666,1578,.422,228,700,.326,318,456,.697,261,927,371,133,47,300,413
236,Pepperdine,35,13,22,.371,-2.58,2.81,,4,14,,7,9,,2,11,,2560,2681,,1400,923,2080,.444,246,722,.341,468,654,.716,351,1226,555,213,96,386,550
237,Pittsburgh,32,17,15,.531,13.37,8.34,,8,12,,13,4,,3,9,,2428,2267,,1290,834,1851,.451,265,766,.346,495,633,.782,314,1068,429,233,132,319,526
238,Portland,32,12,20,.375,-7.07,2.40,,7,11,,9,7,,3,9,,2334,2574,,1300,805,1843,.437,272,788,.345,452,582,.777,266,1083,496,149,99,408,487
239,Portland State,32,19,13,.594,-4.22,-5.08,,11,7,,13,1,,5,10,,2418,2227,,1285,913,1932,.473,201,615,.327,391,621,.630,387,1179,468,264,157,407,560
240,Prairie View,32,5,27,.156,-19.22,-7.22,,4,14,,3,7,,2,19,,2286,2637,,1280,820,1884,.435,202,634,.319,444,643,.691,283,894,390,259,102,381,604
241,Presbyterian,32,14,18,.438,-6.60,-4.46,,7,9,,8,5,,4,12,,2379,2263,,1295,868,1854,.468,234,635,.369,409,589,.694,324,1079,424,215,103,340,580
242,Princeton,30,19,11,.633,-2.70,-2.35,,8,6,,9,4,,7,4,,2209,2162,,1200,791,1824,.434,316,889,.355,311,438,.710,291,1014,455,221,65,313,466
243,Providence,32,12,20,.375,7.42,8.58,,6,14,,10,6,,2,9,,2283,2320,,1285,807,1833,.440,297,834,.356,372,542,.686,362,1186,413,159,109,407,550
244,Purdue NCAA,34,23,11,.676,20.50,13.56,,13,7,,14,2,,5,6,,2645,2409,,1360,941,1924,.489,278,725,.383,485,667,.727,333,1113,537,220,56,349,544
245,Purdue Fort Wayne,32,19,13,.594,-0.99,-4.05,,12,8,,12,2,,6,10,,2583,2388,,1295,918,1955,.470,330,890,.371,417,556,.750,243,969,434,278,89,306,503
246,Queens (NC),33,19,14,.576,-5.02,-4.79,,11,7,,9,5,,9,9,,2527,2445,,1335,878,1970,.446,306,886,.345,465,677,.687,381,1232,527,217,175,414,560
247,Quinnipiac,33,20,13,.606,-5.73,-7.51,,15,5,,12,2,,7,10,,2439,2358,,1325,864,2026,.426,227,767,.296,484,634,.763,390,1263,455,272,154,425,539
248,Radford,33,20,13,.606,-2.58,-3.29,,9,7,,10,3,,7,9,,2441,2314,,1330,824,1813,.454,242,664,.364,551,722,.763,375,1167,374,183,103,374,564
249,Rhode Island,31,18,13,.581,1.34,-0.62,,7,11,,14,3,,1,9,,2419,2328,,1255,828,1782,.465,236,673,.351,527,759,.694,311,1160,430,184,104,401,508
250,Rice,32,13,19,.406,-1.94,-1.97,,4,14,,7,8,,4,8,,2249,2249,,1290,748,1778,.421,227,688,.330,526,772,.681,394,1223,379,149,99,377,571
251,Richmond,32,10,22,.313,-5.14,1.80,,5,13,,6,9,,2,11,,2137,2302,,1310,729,1745,.418,250,797,.314,429,542,.792,208,996,373,191,66,327,560
252,Rider,33,14,19,.424,-11.90,-7.08,,9,11,,5,7,,8,11,,2211,2370,,1320,814,1894,.430,178,571,.312,405,561,.722,369,1131,416,177,102,370,476
253,Robert Morris NCAA,34,25,9,.735,0.44,-4.65,,15,5,,15,2,,8,6,,2604,2408,,1385,903,2020,.447,258,741,.348,540,748,.722,426,1274,542,214,153,436,568
254,Rutgers,32,15,17,.469,10.38,10.91,,8,12,,11,5,,3,8,,2465,2482,,1305,865,1939,.446,231,703,.329,504,702,.718,358,1129,413,225,125,349,547
255,Sacramento State,32,7,25,.219,-13.90,-3.86,,3,15,,5,11,,2,13,,2119,2257,,1280,746,1741,.428,262,798,.328,365,541,.675,302,1070,418,190,97,422,592
256,Sacred Heart,33,15,18,.455,-8.86,-8.27,,10,10,,8,5,,5,11,,2502,2481,,1325,895,2043,.438,318,910,.349,392,536,.731,389,1223,547,243,98,406,520
257,Saint Francis (PA) NCAA,33,16,17,.485,-11.73,-4.54,,8,8,,5,3,,3,7,,2338,2343,,1345,875,1899,.461,269,801,.336,319,439,.727,284,1130,469,203,81,421,491
258,Saint Joseph's,35,22,13,.629,7.56,1.13,,11,7,,13,5,,4,6,,2627,2402,,1410,907,2070,.438,323,963,.335,490,657,.746,372,1299,510,228,197,395,503
259,Saint Louis,34,19,15,.559,3.36,2.36,,11,7,,14,3,,4,9,,2527,2423,,1370,899,1886,.477,333,945,.352,396,577,.686,258,1198,509,216,105,432,499
260,Saint Mary's (CA) NCAA,34,29,5,.853,17.75,6.02,,17,1,,16,1,,9,1,,2485,2058,,1370,916,2018,.454,220,684,.322,433,624,.694,474,1354,521,207,136,332,508
261,Saint Peter's,28,12,16,.429,-10.44,-8.25,,7,13,,6,6,,6,10,,1848,1842,,1130,624,1581,.395,199,604,.329,401,543,.738,377,1043,289,190,101,381,528
262,Sam Houston,32,13,19,.406,-2.75,1.42,,6,12,,9,4,,3,13,,2411,2433,,1295,827,1855,.446,276,712,.388,481,663,.725,345,1129,412,205,93,405,565
263,Samford,33,22,11,.667,1.08,-3.63,,12,6,,13,3,,9,7,,2736,2492,,1330,970,2107,.460,356,978,.364,440,609,.722,431,1188,543,326,120,428,647
264,San Diego,33,6,27,.182,-8.12,1.89,,2,16,,5,13,,0,12,,2314,2629,,1320,820,2016,.407,211,719,.293,463,616,.752,381,1132,376,245,118,440,693
265,San Diego State NCAA,31,21,10,.677,12.80,8.17,,14,6,,12,3,,6,4,,2194,2004,,1250,789,1784,.442,239,717,.333,375,565,.664,314,1090,404,237,169,340,571
266,San Francisco,34,25,9,.735,10.94,4.13,,13,5,,17,2,,5,5,,2584,2343,,1365,905,1983,.456,293,865,.339,481,679,.708,349,1203,470,229,114,404,641
267,San Jose State,35,15,20,.429,0.53,4.08,,7,13,,7,9,,3,9,,2525,2568,,1415,891,2009,.444,284,818,.347,459,616,.745,333,1190,452,209,106,402,547
268,Santa Clara,33,21,12,.636,13.84,4.47,,12,6,,12,4,,6,5,,2702,2393,,1335,957,2031,.471,363,948,.383,425,583,.729,371,1245,566,220,101,392,540
269,Seattle,32,14,18,.438,-0.12,-1.25,,8,8,,9,5,,4,11,,2254,2125,,1280,746,1799,.415,214,663,.323,548,767,.714,347,1099,386,259,102,364,574
270,Seton Hall,32,7,25,.219,-0.02,8.60,,2,18,,5,11,,0,11,,1970,2246,,1295,708,1770,.400,168,539,.312,386,582,.663,359,996,359,260,108,400,577
271,Siena,32,14,18,.438,-7.29,-7.42,,9,11,,9,5,,4,10,,2311,2307,,1300,783,1827,.429,239,729,.328,506,681,.743,315,1030,378,219,159,379,518
272,South Alabama,32,21,11,.656,1.55,-4.08,,13,5,,13,4,,8,6,,2334,2066,,1310,814,1835,.444,273,838,.326,433,615,.704,320,1130,461,299,84,297,430
273,South Carolina,32,12,20,.375,9.87,11.53,,2,16,,10,8,,1,10,,2233,2286,,1290,741,1735,.427,214,677,.316,537,751,.715,323,1100,405,181,94,396,514
274,South Carolina State,33,20,13,.606,-4.49,-8.92,,11,3,,10,2,,7,10,,2624,2324,,1330,902,1926,.468,234,647,.362,586,827,.709,408,1165,514,313,116,469,695
275,South Carolina Upstate,32,6,26,.188,-15.57,-2.61,,2,14,,4,10,,2,14,,2393,2673,,1280,881,1941,.454,222,726,.306,409,606,.675,299,1086,426,242,74,453,618
276,South Dakota,33,19,14,.576,-5.59,-3.39,,9,7,,14,2,,4,11,,2812,2763,,1320,946,2104,.450,260,811,.321,660,925,.714,393,1179,382,249,110,317,613
277,South Dakota State,32,20,12,.625,2.29,-1.68,,11,5,,13,1,,4,8,,2546,2352,,1280,913,1937,.471,277,791,.350,443,593,.747,374,1287,451,150,84,386,518
278,South Florida,32,13,19,.406,-2.04,-0.07,,6,12,,9,6,,2,10,,2381,2385,,1290,842,1899,.443,226,711,.318,471,654,.720,329,1107,460,265,113,355,548
279,Southeast Missouri State,33,21,12,.636,-4.83,-7.80,,15,5,,12,3,,8,7,,2442,2212,,1330,901,1974,.456,242,726,.333,398,551,.722,278,1093,448,269,119,352,596
280,Southeastern Louisiana,32,18,14,.563,-4.09,-4.76,,12,8,,8,4,,9,8,,2324,2232,,1290,824,1854,.444,195,592,.329,481,642,.749,349,1147,378,222,74,373,550
281,Southern,32,20,12,.625,-6.82,-7.89,,15,3,,11,1,,9,10,,2392,2184,,1291,849,1949,.436,212,658,.322,482,721,.669,415,1194,415,309,123,401,595
282,Southern California,33,16,17,.485,12.43,11.03,,7,13,,12,7,,3,7,,2537,2491,,1330,897,1861,.482,237,645,.367,506,678,.746,287,1033,510,210,98,408,589
283,Southern Illinois,33,14,19,.424,-2.16,1.13,,8,12,,7,8,,5,7,,2405,2458,,1330,875,1896,.461,222,632,.351,433,641,.676,338,1173,467,207,99,412,558
284,SIU Edwardsville NCAA,34,22,12,.647,-6.08,-7.40,,13,7,,12,3,,7,8,,2436,2260,,1370,874,2030,.431,249,748,.333,439,655,.670,403,1297,462,226,137,388,560
285,Southern Indiana,30,10,20,.333,-13.80,-8.33,,5,15,,8,7,,2,13,,2144,2204,,1215,766,1791,.428,216,616,.351,396,542,.731,315,1075,343,201,86,351,516
286,Southern Methodist,34,24,10,.706,14.73,5.79,,13,7,,13,5,,7,4,,2714,2410,,1360,963,2008,.480,263,706,.373,525,730,.719,423,1311,533,272,125,408,565
287,Southern Mississippi,33,11,22,.333,-9.82,-3.24,,5,13,,9,6,,1,13,,2352,2507,,1330,842,1954,.431,217,717,.303,451,652,.692,347,1233,476,227,142,460,554
288,Southern Utah,31,12,19,.387,-10.49,-1.99,,4,12,,8,7,,3,11,,2163,2285,,1240,758,1785,.425,182,582,.313,465,638,.729,341,1149,371,157,136,448,546
289,St. Bonaventure,34,22,12,.647,3.21,0.37,,9,9,,12,4,,7,6,,2334,2218,,1365,852,1918,.444,211,676,.312,419,575,.729,319,1145,373,256,110,353,456
290,St. John's (NY) NCAA,35,31,4,.886,21.87,8.55,,18,2,,18,0,,8,2,,2759,2293,,1420,1033,2291,.451,219,712,.308,474,687,.690,507,1436,560,315,183,386,581
291,St. Thomas,34,24,10,.706,1.15,-4.36,,12,4,,14,0,,7,8,,2827,2544,,1365,976,1983,.492,355,917,.387,520,667,.780,247,1063,523,244,108,324,613
292,Stanford,34,21,13,.618,9.20,6.35,,11,9,,17,2,,3,8,,2496,2399,,1360,869,1999,.435,286,834,.343,472,598,.789,365,1158,472,236,123,357,582
293,Stephen F. Austin,31,14,17,.452,-8.09,-3.37,,7,13,,8,8,,6,9,,2065,2118,,1255,756,1791,.422,191,659,.290,362,572,.633,407,1165,388,258,130,483,514
294,Stetson,32,8,24,.250,-16.47,-4.47,,6,12,,5,9,,3,11,,2293,2608,,1290,805,1810,.445,233,686,.340,450,612,.735,270,1056,376,165,99,415,470
295,Stonehill,32,15,17,.469,-12.86,-9.30,,7,9,,11,3,,3,13,,2198,2242,,1280,759,1748,.434,276,777,.355,404,558,.724,288,1060,461,206,84,388,530
296,Stony Brook,32,8,24,.250,-13.63,-4.21,,4,14,,5,9,,3,13,,2128,2372,,1280,739,1784,.414,236,700,.337,414,555,.746,335,1059,361,163,66,376,487
297,Syracuse,33,14,19,.424,5.06,8.16,,7,13,,11,6,,2,9,,2464,2566,,1350,897,1964,.457,211,643,.328,459,651,.705,364,1224,448,161,83,415,542
298,Tarleton State,32,12,20,.375,-10.18,-0.18,,7,9,,10,3,,1,14,,2025,2227,,1280,697,1614,.432,132,408,.324,499,681,.733,303,971,338,300,115,562,612
299,TCU,32,16,16,.500,10.80,11.95,,9,11,,14,3,,2,9,,2162,2199,,1285,780,1875,.416,195,650,.300,407,629,.647,385,1114,389,243,110,372,501
300,Temple,32,17,15,.531,-0.08,-0.21,,9,9,,12,2,,3,9,,2520,2487,,1310,840,1875,.448,216,597,.362,624,848,.736,359,1165,347,205,119,351,575
301,Tennessee NCAA,35,28,7,.800,24.20,12.40,,12,6,,16,1,,6,5,,2618,2205,,1400,902,1980,.456,292,857,.341,522,704,.741,399,1277,542,245,174,362,542
302,Tennessee State,33,17,16,.515,-8.02,-8.72,,12,8,,12,3,,4,10,,2577,2418,,1350,909,1964,.463,219,673,.325,540,793,.681,428,1338,440,237,127,506,625
303,Tennessee Tech,32,15,17,.469,-11.05,-7.78,,10,10,,9,5,,5,10,,2308,2371,,1290,810,1874,.432,309,878,.352,379,543,.698,277,1110,486,203,88,372,424
304,Tennessee-Martin,33,14,19,.424,-11.13,-8.13,,9,11,,8,5,,5,12,,2455,2373,,1350,836,1997,.419,306,949,.322,477,682,.699,453,1301,447,267,93,433,556
305,Texas NCAA,35,19,16,.543,15.66,9.80,,6,12,,11,7,,4,6,,2747,2542,,1420,956,2067,.463,264,729,.362,569,760,.749,356,1248,452,219,150,348,654
306,Texas A&M NCAA,33,23,10,.697,19.60,13.15,,11,7,,13,3,,5,5,,2458,2245,,1330,830,1979,.419,230,746,.308,568,821,.692,528,1356,392,250,134,406,569
307,Texas A&M-Corpus Christi,34,20,14,.588,-1.07,-3.47,,12,8,,15,2,,4,11,,2576,2291,,1360,968,1976,.490,199,580,.343,441,699,.631,381,1240,509,268,121,408,602
308,Texas Southern,32,15,17,.469,-10.19,-8.16,,12,6,,9,4,,6,12,,2325,2307,,1290,846,1974,.429,233,697,.334,400,554,.722,368,1201,438,274,109,444,538
309,Texas State,32,16,16,.500,-3.49,-3.66,,9,9,,10,4,,4,10,,2439,2346,,1310,867,1869,.464,190,518,.367,515,681,.756,389,1184,465,227,129,393,584
310,Texas Tech NCAA,34,26,8,.765,23.46,10.23,,15,5,,15,3,,8,2,,2752,2302,,1380,966,2067,.467,351,938,.374,469,617,.760,397,1252,570,219,103,336,535
311,Texas-Rio Grande Valley,31,16,15,.516,-6.15,-3.48,,8,12,,12,4,,2,11,,2378,2294,,1240,872,1965,.444,328,997,.329,306,433,.707,365,1165,534,235,87,417,510
312,The Citadel,30,5,25,.167,-18.46,-4.58,,0,18,,5,12,,0,12,,1997,2251,,1215,706,1685,.419,226,766,.295,359,582,.617,318,1032,368,180,61,376,483
313,Toledo,33,18,15,.545,-5.95,-2.70,,10,8,,9,4,,6,9,,2603,2645,,1325,937,2019,.464,193,574,.336,536,715,.750,357,1123,438,178,91,310,523
314,Towson,33,22,11,.667,-1.73,-3.38,,16,2,,12,1,,9,5,,2309,2201,,1335,836,1988,.421,253,750,.337,384,563,.682,433,1213,351,213,110,309,528
315,Troy NCAA,34,23,11,.676,3.63,-2.03,,13,5,,11,4,,9,6,,2495,2235,,1360,851,1954,.436,261,878,.297,532,741,.718,471,1311,473,321,157,458,562
316,Tulane,33,19,14,.576,1.90,-1.07,,12,6,,14,3,,4,7,,2473,2304,,1325,855,1880,.455,254,744,.341,509,670,.760,306,1150,490,239,150,355,565
317,Tulsa,33,13,20,.394,-5.81,-1.78,,6,12,,8,9,,3,8,,2352,2430,,1340,829,1910,.434,262,813,.322,430,645,.667,321,1178,450,202,90,377,514
318,UAB,35,23,12,.657,4.51,-0.58,,13,5,,14,4,,6,5,,2875,2657,,1405,1052,2296,.458,228,675,.338,543,713,.762,518,1404,561,235,150,353,542
319,UC Davis,32,15,17,.469,-6.20,-1.30,,9,11,,8,6,,7,10,,2175,2249,,1285,737,1784,.413,203,625,.325,498,670,.743,326,1057,354,252,115,424,577
320,UC Irvine,35,29,6,.829,7.90,-1.19,,17,3,,11,2,,14,3,,2662,2323,,1415,912,1999,.456,247,698,.354,591,734,.805,326,1332,553,238,124,444,542
321,UC Riverside,34,21,13,.618,-1.25,0.59,,14,6,,14,1,,7,11,,2542,2550,,1380,903,2119,.426,306,907,.337,430,569,.756,422,1264,449,186,82,380,613
322,UC San Diego NCAA,35,30,5,.857,12.81,-1.74,,18,2,,13,2,,12,2,,2777,2163,,1400,954,2058,.464,375,1035,.362,494,662,.746,319,1190,550,345,74,305,576
323,UC Santa Barbara,34,21,13,.618,0.47,-3.32,,11,9,,12,5,,7,7,,2527,2340,,1360,875,1891,.463,340,893,.381,437,572,.764,303,1153,508,205,106,416,570
324,UCF,33,17,16,.515,10.56,11.38,,7,13,,13,5,,2,8,,2617,2644,,1340,875,2062,.424,286,851,.336,581,748,.777,407,1214,464,258,148,418,568
325,UCLA NCAA,33,23,10,.697,19.80,10.29,,13,7,,15,2,,5,5,,2464,2150,,1320,890,1907,.467,245,692,.354,439,620,.708,356,1083,545,265,103,348,567
326,UNC Asheville,32,21,11,.656,-5.25,-4.61,,11,5,,13,1,,6,9,,2630,2450,,1295,942,1993,.473,255,732,.348,491,686,.716,362,1125,449,240,134,334,619
327,UNC Greensboro,32,20,12,.625,-1.04,-4.18,,13,5,,11,3,,8,6,,2332,2092,,1280,818,1850,.442,294,790,.372,402,547,.735,350,1174,416,192,91,316,519
328,UNC Wilmington NCAA,35,27,8,.771,2.57,-3.73,,14,4,,15,3,,9,4,,2771,2459,,1415,971,2067,.470,255,758,.336,574,765,.750,436,1358,538,224,120,385,585
329,UT Arlington,31,13,18,.419,-5.45,-2.73,,6,10,,9,4,,3,11,,2302,2320,,1255,799,1793,.446,269,759,.354,435,658,.661,361,1132,436,184,99,418,558
330,Utah,32,16,16,.500,11.82,8.73,,8,12,,15,4,,1,9,,2409,2310,,1285,845,1896,.446,271,831,.326,448,701,.639,409,1275,561,204,117,401,592
331,Utah State NCAA,34,26,8,.765,13.61,5.40,,15,5,,15,2,,7,4,,2716,2381,,1360,953,1970,.484,300,842,.356,510,726,.702,395,1177,583,291,94,364,617
332,Utah Tech,33,7,26,.212,-10.16,-1.52,,2,14,,5,8,,0,16,,2305,2508,,1325,810,1908,.425,246,738,.333,439,632,.695,332,1090,418,213,106,417,634
333,Utah Valley,34,25,9,.735,2.06,-3.16,,15,1,,12,0,,10,7,,2584,2322,,1370,912,1948,.468,205,612,.335,555,806,.689,369,1299,531,226,191,415,560
334,UTEP,33,18,15,.545,-0.53,0.44,,7,11,,11,5,,4,8,,2392,2335,,1325,825,1879,.439,241,686,.351,501,701,.715,295,1029,434,337,99,391,596
335,UTSA,31,12,19,.387,-2.44,0.63,,6,12,,7,7,,4,11,,2378,2382,,1250,816,1929,.423,308,853,.361,438,553,.792,332,1003,393,294,107,339,564
336,Valparaiso,34,15,19,.441,-2.83,-0.05,,6,14,,10,7,,3,10,,2539,2513,,1375,873,2044,.427,263,783,.336,530,671,.790,340,1172,409,199,127,331,557
337,Vanderbilt NCAA,33,20,13,.606,14.67,10.06,,8,10,,14,3,,3,7,,2604,2452,,1325,915,2034,.450,267,822,.325,507,680,.746,379,1145,459,295,129,336,592
338,Vermont,33,21,12,.636,-7.91,-7.46,,13,3,,13,3,,7,8,,2199,2106,,1320,776,1789,.434,256,775,.330,391,543,.720,291,1125,398,184,147,371,452
339,Villanova,33,19,14,.576,13.27,7.39,,11,9,,14,3,,3,8,,2421,2227,,1320,842,1823,.462,316,794,.398,421,526,.800,307,1114,413,187,76,328,510
340,Virginia,32,15,17,.469,5.83,7.83,,8,12,,10,7,,4,7,,2073,2137,,1280,739,1656,.446,266,709,.375,329,437,.753,216,937,470,176,120,323,489
341,Virginia Commonwealth NCAA,35,28,7,.800,14.76,1.61,,15,3,,15,1,,7,3,,2693,2201,,1405,929,2088,.445,337,1002,.336,498,670,.743,463,1337,524,282,190,394,632
342,VMI,34,15,19,.441,-11.29,-4.92,,7,11,,7,7,,5,10,,2492,2487,,1365,833,1954,.426,303,932,.325,523,687,.761,339,1180,427,269,89,408,549
343,Virginia Tech,32,13,19,.406,2.74,6.74,,8,12,,8,9,,5,5,,2213,2341,,1295,785,1778,.442,252,719,.350,391,548,.714,325,1066,404,174,62,430,544
344,Wagner,30,14,16,.467,-15.41,-9.95,,6,10,,8,6,,6,10,,1874,1818,,1215,663,1635,.406,207,620,.334,341,483,.706,340,1046,378,212,47,353,512
345,Wake Forest,32,21,11,.656,9.71,7.55,,13,7,,13,3,,6,6,,2246,2177,,1280,790,1782,.443,179,628,.285,487,644,.756,284,1061,362,230,126,362,527
346,Washington,31,13,18,.419,6.25,10.75,,4,16,,9,9,,2,9,,2219,2339,,1250,788,1771,.445,218,633,.344,425,623,.682,296,1011,399,200,120,373,569
347,Washington State,33,19,14,.576,4.89,4.44,,8,10,,10,4,,4,7,,2601,2586,,1325,939,1913,.491,290,794,.365,433,620,.698,329,1126,557,211,163,483,633
348,Weber State,34,12,22,.353,-9.45,-2.97,,5,13,,5,10,,4,11,,2443,2443,,1370,866,1903,.455,252,727,.347,459,653,.703,289,1140,389,221,82,373,606
349,West Georgia,31,6,25,.194,-15.36,-4.29,,4,14,,4,8,,2,15,,2140,2426,,1241,803,1848,.435,168,557,.302,366,528,.693,295,1016,418,216,92,351,493
350,West Virginia,32,19,13,.594,15.21,11.86,,10,10,,13,4,,4,7,,2181,2074,,1300,782,1842,.425,277,849,.326,340,472,.720,288,1064,442,242,131,344,532
351,Western Carolina,30,8,22,.267,-15.92,-2.43,,4,14,,7,7,,1,14,,2090,2371,,1215,720,1828,.394,272,892,.305,378,507,.746,310,1152,362,158,93,420,509
352,Western Illinois,31,12,19,.387,-15.20,-8.48,,6,14,,8,7,,4,11,,2130,2211,,1250,774,1759,.440,248,661,.375,334,483,.692,317,1079,317,168,116,373,443
353,Western Kentucky,32,17,15,.531,-0.41,1.09,,8,10,,13,5,,4,9,,2395,2392,,1285,843,1997,.422,262,797,.329,447,617,.724,297,1188,382,259,85,352,585
354,Western Michigan,32,12,20,.375,-9.42,-4.03,,9,9,,6,9,,6,10,,2306,2433,,1280,850,1993,.426,190,662,.287,414,616,.672,423,1208,398,222,75,352,574
355,Wichita State,34,19,15,.559,2.43,1.94,,8,10,,11,6,,5,7,,2516,2485,,1370,909,2041,.445,176,577,.305,522,717,.728,397,1311,402,229,151,394,519
356,William & Mary,32,17,15,.531,-6.04,-4.04,,11,7,,12,2,,4,11,,2487,2445,,1280,842,1858,.453,336,960,.350,467,646,.723,298,1102,529,232,58,407,570
357,Winthrop,34,23,11,.676,-1.57,-4.06,,11,5,,16,2,,5,8,,2879,2651,,1375,978,2064,.474,275,804,.342,648,970,.668,421,1312,439,270,114,446,672
358,Wisconsin NCAA,36,27,9,.750,20.84,11.28,,13,7,,14,3,,6,5,,2875,2531,,1445,964,2121,.455,354,1017,.348,593,717,.827,336,1318,526,186,85,351,596
359,Wofford NCAA,35,19,16,.543,-0.19,-2.40,,10,8,,7,6,,8,8,,2623,2451,,1410,935,2068,.452,340,992,.343,413,626,.660,453,1337,524,209,88,383,592
360,Wright State,33,15,18,.455,-4.86,-3.77,,8,12,,11,4,,3,12,,2551,2520,,1335,952,1928,.494,279,726,.384,368,521,.706,307,1139,502,188,103,401,556
361,Wyoming,32,12,20,.375,-0.58,4.29,,5,15,,8,7,,3,10,,2149,2277,,1285,779,1778,.438,243,710,.342,348,534,.652,337,1114,373,141,89,412,617
362,Xavier NCAA,34,22,12,.647,15.47,8.94,,13,7,,15,2,,5,7,,2656,2434,,1370,905,1938,.467,285,728,.391,561,711,.789,264,1131,568,263,86,371,533
363,Yale NCAA,30,22,8,.733,6.80,-2.96,,13,1,,11,0,,7,6,,2439,2102,,1200,896,1830,.490,229,591,.387,418,573,.729,329,1151,492,173,108,302,489
364,Youngstown State,34,21,13,.618,-3.83,-4.96,,13,7,,10,5,,9,6,,2599,2446,,1370,884,2028,.436,299,934,.320,532,726,.733,378,1242,469,236,179,416,624